City_ID,City,Lat,Lng,Max Temp,Humidity,Cloudiness,Wind Speed,Country,Date
0,waitangi,-43.9535,-176.5597,10.46,76,81,7.15,NZ,1698378071
1,inarajan village,13.2736,144.7484,28.55,91,76,3.15,GU,1698378071
2,ushuaia,-54.8,-68.3,2.81,52,0,0.51,AR,1698378071
3,port mathurin,-19.6833,63.4167,24.67,77,66,5.91,MU,1698378071
4,mahanoro,-19.9,48.8,24.19,88,45,2.52,MG,1698378071
5,shalqar,47.8333,59.6,1.8,49,100,4.99,KZ,1698378072
6,hamilton,39.1834,-84.5333,21.65,70,75,3.6,US,1698377817
7,ha'il,27.5219,41.6907,19.01,82,20,0.0,SA,1698378072
8,longyearbyen,78.2186,15.6401,-4.09,86,100,4.12,SJ,1698378072
9,wharton,29.3116,-96.1027,26.16,89,99,3.95,US,1698377939
10,zheleznodorozhnyy,55.7503,38.0042,-2.02,57,100,4.92,RU,1698378072
11,beloyarskiy,63.7119,66.6722,-9.44,94,98,2.24,RU,1698378072
12,vorgashor,67.5833,63.95,-9.9,95,100,4.13,RU,1698378073
13,kavaratti,10.5669,72.642,28.56,68,5,2.99,IN,1698378073
14,mukalla,14.5425,49.1242,26.41,66,63,3.37,YE,1698378073
15,uige,-7.6087,15.0613,19.86,97,100,0.37,AO,1698378073
16,yellowknife,62.456,-114.3525,-4.84,86,20,4.63,CA,1698378073
17,iqaluit,63.7506,-68.5145,-3.15,86,75,6.17,CA,1698378073
18,soio,-6.1349,12.3689,24.9,85,100,3.83,AO,1698378073
19,st. john's,47.5649,-52.7093,8.66,87,75,4.12,CA,1698378074
20,grytviken,-54.2811,-36.5092,1.62,97,100,6.42,GS,1698377997
21,lebu,-37.6167,-73.65,9.39,95,33,0.96,CL,1698378074
22,jamestown,42.097,-79.2353,19.77,65,0,2.57,US,1698377821
23,puerto natales,-51.7236,-72.4875,2.87,78,100,1.21,CL,1698377996
24,al jawf,29.5,38.75,21.94,37,19,4.03,SA,1698378074
25,georgetown,5.4112,100.3354,31.64,73,20,1.54,MY,1698378074
26,port-aux-francais,-49.35,70.2167,2.48,78,7,4.35,TF,1698378075
27,afaahiti,-17.75,-149.2833,24.48,88,100,1.26,PF,1698378075
28,west island,-12.1568,96.8225,26.99,78,100,9.26,CC,1698377998
29,turkmenbasy,40.0222,52.9552,16.43,88,0,3.09,TM,1698378075
30,kingston,17.997,-76.7936,28.53,79,40,3.09,JM,1698377855
31,tomatlan,19.9333,-105.25,22.95,92,39,0.91,MX,1698378075
32,kone,-21.0595,164.8658,26.52,69,37,3.73,NC,1698378075
33,mao,39.8885,4.2658,21.31,60,0,2.06,ES,1698377815
34,papatowai,-46.5619,169.4708,6.29,62,97,9.92,NZ,1698378076
35,solnechnyy,50.7214,136.6319,0.57,51,7,1.7,RU,1698378076
36,blackmans bay,-43.0167,147.3167,15.29,54,34,1.34,AU,1698378076
37,albany,42.6001,-73.9662,17.35,81,100,1.48,US,1698377925
38,adamstown,-25.066,-130.1015,22.57,83,40,4.07,PN,1698377814
39,bowen,-20.0167,148.2333,25.1,68,1,6.62,AU,1698378077
40,college,64.8569,-147.8028,-4.03,86,75,0.0,US,1698378077
41,la passe,45.5549,-0.8967,14.43,75,5,9.07,FR,1698378078
42,ad dawadimi,24.5077,44.3924,20.64,60,17,4.66,SA,1698378078
43,edinburgh of the seven seas,-37.0676,-12.3116,12.62,71,99,8.61,SH,1698378078
44,howrah,22.5892,88.3103,28.0,74,75,2.06,IN,1698378048
45,isafjordur,66.0755,-23.124,3.27,90,20,1.61,IS,1698378078
46,bethel,41.3712,-73.414,19.46,73,0,0.0,US,1698378000
47,bayanhongor,46.7167,100.1167,4.67,24,83,0.91,MN,1698378078
48,tosontsengel,48.7567,98.2839,7.32,23,24,1.38,MN,1698378079
49,thompson,55.7435,-97.8558,-2.91,59,100,3.09,CA,1698378079
50,tazovsky,67.4667,78.7,-13.04,94,83,6.37,RU,1698377784
51,veraval,20.9,70.3667,29.67,48,0,2.4,IN,1698378079
52,tura,25.5198,90.2201,26.26,61,0,1.33,IN,1698378038
53,barra de santo antonio,-9.4047,-35.5072,24.6,80,52,4.27,BR,1698378035
54,port alfred,-33.5906,26.891,17.32,87,64,3.13,ZA,1698378079
55,archangelos,36.2149,28.1149,21.28,68,30,2.76,GR,1698377796
56,shimoda,34.6667,138.95,22.2,51,0,6.38,JP,1698378080
57,petropavlovsk-kamchatsky,53.0452,158.6483,9.33,59,0,4.0,RU,1698378016
58,tokar,18.4254,37.729,30.22,66,94,5.61,SD,1698378080
59,kinchil,20.9167,-89.95,27.04,71,53,3.53,MX,1698378080
60,porto velho,-8.7619,-63.9039,26.03,83,0,1.54,BR,1698378080
61,sovetskaya gavan',48.9723,140.2878,7.28,42,7,5.48,RU,1698378080
62,cidreira,-30.1811,-50.2056,15.74,77,0,4.06,BR,1698378080
63,tiksi,71.6872,128.8694,-14.66,97,99,2.34,RU,1698378021
64,santana,-0.0583,-51.1817,28.1,74,0,3.6,BR,1698378081
65,carnarvon,-24.8667,113.6333,25.13,47,12,8.92,AU,1698378049
66,le port,-20.9373,55.2919,28.27,73,62,3.21,RE,1698378081
67,avarua,-21.2078,-159.775,22.03,68,100,4.63,CK,1698378081
68,dalandzadgad,43.5708,104.425,15.26,17,0,4.47,MN,1698377889
69,cabo san lucas,22.8909,-109.9124,25.42,60,0,5.14,MX,1698377799
70,hilo,19.7297,-155.09,26.16,88,100,2.57,US,1698378045
71,wailua homesteads,22.0669,-159.378,27.24,78,0,0.89,US,1698378081
72,nova sintra,14.8667,-24.7167,25.15,78,100,6.12,CV,1698378082
73,bilibino,68.0546,166.4372,-18.87,100,58,1.46,RU,1698378082
74,thulamahashi,-24.7246,31.1994,18.28,59,0,0.8,ZA,1698378082
75,chrastava,50.8169,14.9688,10.5,89,100,2.24,CZ,1698378082
76,kuta,-8.7233,115.1723,27.97,88,20,4.63,ID,1698378082
77,port macquarie,-31.4333,152.9167,19.94,66,95,8.55,AU,1698377986
78,zeya,53.75,127.2667,2.42,31,1,1.52,RU,1698378082
79,ilulissat,69.2167,-51.1,-2.99,59,48,9.77,GL,1698378083
80,saranac lake,44.3295,-74.1313,13.97,99,100,0.0,US,1698378083
81,souillac,-20.5167,57.5167,23.21,94,75,1.54,MU,1698378083
82,puerto ayora,-0.7393,-90.3518,24.19,89,14,3.58,EC,1698378083
83,remire-montjoly,4.9167,-52.2667,25.02,94,0,1.03,GF,1698378083
84,gamba,-2.65,10.0,24.22,90,100,1.99,GA,1698378083
85,hotan,37.0997,79.9269,17.19,17,46,1.13,CN,1698378083
86,mejit,10.2753,170.8646,28.63,74,48,4.77,MH,1698378083
87,utrik,11.2278,169.8474,28.28,76,85,5.28,MH,1698378084
88,colonia,50.9333,6.95,11.03,89,75,2.06,DE,1698378084
89,fort bragg,35.139,-79.006,17.75,94,0,0.45,US,1698377792
90,margaret river,-33.95,115.0667,16.39,45,71,6.08,AU,1698378084
91,hawaiian paradise park,19.5933,-154.9731,26.04,88,100,2.57,US,1698378084
92,mananjary,-21.2167,48.3333,23.03,92,85,3.4,MG,1698378084
93,happy valley-goose bay,53.3168,-60.3315,0.17,69,20,4.63,CA,1698377959
94,christchurch,-43.5333,172.6333,10.18,46,75,6.69,NZ,1698378085
95,choyr,46.3611,108.3611,11.34,22,7,3.76,MN,1698378085
96,miyaly,48.8844,53.7836,0.0,96,100,8.64,KZ,1698378085
97,massena,44.9281,-74.8919,17.51,100,100,0.0,US,1698378085
98,north battleford,52.7834,-108.2847,-4.95,68,100,4.63,CA,1698378085
99,papao,-17.75,-149.55,25.37,90,100,1.59,PF,1698378085
100,weno,7.4515,151.8468,29.97,84,75,1.54,FM,1698378085
101,khandyga,62.6667,135.6,-5.28,88,99,1.09,RU,1698378086
102,dakhla,23.6848,-15.958,20.82,87,0,8.46,EH,1698378086
103,kotel,42.8833,26.45,8.75,80,76,1.36,BG,1698378086
104,morehead city,34.7229,-76.726,20.55,95,0,0.0,US,1698378086
105,klyuchi,52.2667,79.1667,-0.04,50,6,7.96,RU,1698378008
106,salta,-24.7859,-65.4117,18.33,88,100,2.57,AR,1698378086
107,hermanus,-34.4187,19.2345,15.78,81,100,3.86,ZA,1698378086
108,kidal,18.4411,1.4078,26.37,13,12,4.11,ML,1698378086
109,talnakh,69.4865,88.3972,-16.55,93,26,0.91,RU,1698378087
110,fredericton,45.9454,-66.6656,14.68,90,100,1.03,CA,1698378087
111,bredasdorp,-34.5322,20.0403,14.7,79,100,2.42,ZA,1698378001
112,kokoda,-8.8785,147.7407,31.69,58,55,2.18,PG,1698378087
113,kiruna,67.8557,20.2251,-4.49,86,100,3.09,SE,1698378087
114,pisco,-13.7,-76.2167,19.03,88,100,4.63,PE,1698378005
115,richards bay,-28.783,32.0377,19.67,82,6,6.76,ZA,1698378087
116,sao joao da barra,-21.6403,-41.0511,22.64,97,100,4.63,BR,1698378019
117,gadzhiyevo,69.2551,33.3362,-3.67,94,100,3.11,RU,1698378088
118,punta arenas,-53.15,-70.9167,5.06,65,75,4.63,CL,1698378088
119,el colorado,-26.3081,-59.3729,19.37,85,85,1.71,AR,1698378088
120,jayapura,-2.5333,140.7,32.66,79,100,1.34,ID,1698378088
121,sunland park,31.7965,-106.58,21.06,41,0,3.6,US,1698378088
122,grand falls-windsor,48.9332,-55.6649,4.17,91,87,2.13,CA,1698377838
123,sakakah,29.9697,40.2064,18.76,49,0,2.55,SA,1698378023
124,okakarara,-20.5833,17.4333,19.12,35,20,3.79,NA,1698378089
125,rodolfo sanchez taboada,31.7167,-116.5667,17.28,80,12,1.34,MX,1698378089
126,sao vicente,-23.9631,-46.3919,22.1,59,100,1.34,BR,1698378041
127,vangaindrano,-23.35,47.6,22.56,71,99,2.6,MG,1698378089
128,matoury,4.8483,-52.3317,24.98,94,0,1.03,GF,1698378089
129,lompoc,34.6391,-120.4579,12.55,84,0,9.83,US,1698378089
130,olyokminsk,60.3736,120.4264,2.06,58,51,2.6,RU,1698378089
131,hirara,24.8,125.2833,27.92,61,75,5.14,JP,1698378089
132,babu,24.4167,111.5167,26.58,74,84,1.1,CN,1698378090
133,tamanrasset,22.785,5.5228,18.95,20,0,2.57,DZ,1698378055
134,marsh harbour,26.5412,-77.0636,25.87,72,58,9.21,BS,1698378090
135,ceerigaabo,10.6162,47.368,17.38,84,91,1.82,SO,1698378090
136,elko,41.0002,-115.5012,0.36,55,10,1.34,US,1698378090
137,bodaybo,57.8506,114.1933,4.38,67,97,1.45,RU,1698378090
138,udachny,66.4167,112.4,-9.75,85,100,1.77,RU,1698378090
139,vilyuchinsk,52.9306,158.4028,10.15,65,6,1.53,RU,1698378090
140,el granada,37.5027,-122.4694,14.33,72,0,7.2,US,1698378091
141,nizhneudinsk,54.9076,99.0276,9.83,49,100,6.06,RU,1698378091
142,entebbe,0.0644,32.4469,21.83,78,100,1.76,UG,1698378091
143,okhotsk,59.3833,143.3,-0.88,96,100,8.91,RU,1698378091
144,rexburg,43.826,-111.7897,0.73,79,100,0.0,US,1698378091
145,labrador city,52.9463,-66.9114,-5.05,86,40,0.0,CA,1698378011
146,port-vila,-17.7338,168.3219,29.78,66,40,4.63,VU,1698378091
147,la fria,8.2203,-72.2439,24.06,96,100,1.14,VE,1698378092
148,temirtau,50.0544,72.9483,-1.79,54,2,3.92,KZ,1698378092
149,iskateley,67.6803,53.1512,-11.66,100,38,1.79,RU,1698378092
150,catacaos,-5.2667,-80.6833,22.27,69,95,4.41,PE,1698378092
151,sorong,-0.8833,131.25,30.32,59,100,6.21,ID,1698378092
152,yuzhno-kurilsk,44.0306,145.8556,11.32,87,98,2.15,RU,1698378014
153,ghat,24.9647,10.1728,22.75,27,2,1.12,LY,1698378092
154,tralee,52.2704,-9.7026,8.78,95,79,2.19,IE,1698378093
155,detroit lakes,46.8172,-95.8453,6.03,94,100,2.06,US,1698378078
156,sungai penuh,-2.0833,101.3833,27.13,48,59,1.16,ID,1698378041
157,baskale,38.0453,44.0172,6.07,68,100,0.87,TR,1698378093
158,saint-philippe,-21.3585,55.7679,25.62,77,69,2.4,RE,1698378042
159,vila franca do campo,37.7167,-25.4333,16.6,99,84,3.17,PT,1698378093
160,chonchi,-42.6128,-73.8092,10.07,81,100,3.35,CL,1698378093
161,gonabad,34.3529,58.6837,19.29,33,7,0.39,IR,1698378093
162,polyarnyy,69.1989,33.4478,-3.25,94,100,3.2,RU,1698378093
163,tangzhai,34.4328,116.5911,22.9,31,98,3.11,CN,1698378094
164,calvi,42.5,8.8333,17.35,73,75,10.8,FR,1698378094
165,alamogordo,32.8995,-105.9603,17.2,49,20,5.14,US,1698378094
166,kodiak,57.79,-152.4072,6.73,70,100,4.12,US,1698378094
167,hithadhoo,-0.6,73.0833,27.29,78,27,8.07,MV,1698378025
168,san matias,-16.3667,-58.4,26.36,72,98,2.88,BO,1698378094
169,sanctuary point,-35.1114,150.629,17.08,80,99,4.18,AU,1698378094
170,megion,61.0296,76.1136,-4.99,85,100,7.93,RU,1698378095
171,mount pearl,47.5166,-52.7813,8.19,87,75,4.12,CA,1698378001
172,hell-ville,-13.4,48.2667,24.93,81,75,0.0,MG,1698378095
173,amuntai,-2.4177,115.2494,36.91,35,97,0.75,ID,1698378095
174,badger,64.8,-147.5333,-4.07,89,75,0.0,US,1698378095
175,zhigalovo,54.8097,105.1578,8.59,51,90,1.06,RU,1698378095
176,tazacorte,28.629,-17.9293,22.54,68,100,3.6,ES,1698378095
177,puerto armuelles,8.2833,-82.8667,26.16,84,100,0.45,PA,1698378095
178,atafu village,-8.5421,-172.5159,28.43,78,100,6.46,TK,1698378096
179,acapulco de juarez,16.8634,-99.8901,26.35,85,97,2.15,MX,1698378096
180,breyten,-26.3018,29.987,14.7,51,1,1.6,ZA,1698378096
181,roma,43.2128,-75.4557,20.48,88,0,2.06,US,1698378096
182,novozybkov,52.5396,31.9275,6.98,98,100,3.28,RU,1698378096
183,san salvador de jujuy,-24.1946,-65.2971,15.74,85,98,0.62,AR,1698377951
184,punta del este,-34.9667,-54.95,14.37,75,0,3.09,UY,1698378096
185,magadan,59.5667,150.8,-2.48,72,100,2.51,RU,1698378097
186,puerto deseado,-47.7503,-65.8938,8.17,71,75,12.77,AR,1698378097
187,saipan,15.1355,145.701,31.39,74,40,4.63,MP,1698378097
188,trinidad,-14.8333,-64.9,29.18,55,83,2.67,BO,1698378097
189,tual,-5.6667,132.75,26.71,75,41,6.73,ID,1698378062
190,port elizabeth,-33.918,25.5701,17.16,91,20,11.32,ZA,1698378097
191,dudinka,69.4058,86.1778,-12.96,99,44,1.34,RU,1698378097
192,puerto baquerizo moreno,-0.9,-89.6,23.18,79,63,5.44,EC,1698378097
193,san antonio de pale,-1.4014,5.6325,25.96,86,100,6.29,GQ,1698378097
194,coquimbo,-29.9533,-71.3436,13.85,76,100,3.09,CL,1698377597
195,capela,-10.5033,-37.0528,22.95,84,34,3.73,BR,1698378098
196,floro,61.5996,5.0328,5.54,81,100,2.57,NO,1698378098
197,ambasa,23.9172,91.8472,28.8,59,4,1.23,IN,1698378098
198,anadyr,64.75,177.4833,0.28,86,75,3.0,RU,1698378098
199,lihue,21.9789,-159.3672,27.58,76,0,0.0,US,1698377996
200,tostado,-29.232,-61.7692,20.55,68,67,3.56,AR,1698378098
201,korla,41.7597,86.1469,15.72,27,53,1.63,CN,1698378098
202,kismayo,-0.3582,42.5454,27.17,77,73,4.53,SO,1698378099
203,vung tau,10.346,107.0843,29.16,71,88,1.99,VN,1698378099
204,pangody,65.85,74.4859,-12.17,89,68,5.03,RU,1698378099
205,santander,43.4647,-3.8044,13.62,82,0,1.54,ES,1698377989
206,murghob,38.1702,73.9667,-0.42,63,66,1.65,TJ,1698378099
207,masuguru,-11.3667,38.4167,25.69,75,44,1.88,TZ,1698378099
208,stanley,54.868,-1.6985,9.6,94,75,4.63,GB,1698378099
209,haiku-pauwela,20.9219,-156.3051,28.01,67,0,4.12,US,1698378099
210,naryn,41.4287,75.9911,6.52,67,100,1.66,KG,1698378100
211,val-des-monts,45.6501,-75.666,15.64,96,100,3.61,CA,1698377866
212,mizan teferi,6.9833,35.5833,16.57,96,100,1.17,ET,1698378100
213,geraldton,-28.7667,114.6,23.23,31,1,8.75,AU,1698378055
214,arraial do cabo,-22.9661,-42.0278,21.42,94,100,2.43,BR,1698378003
215,invercargill,-46.4,168.35,8.34,60,86,8.94,NZ,1698378100
216,choibalsan,48.0667,114.5,11.34,21,15,2.85,MN,1698378100
217,kegeyli shahar,42.7767,59.6078,8.05,56,87,5.82,UZ,1698378100
218,ancud,-41.8697,-73.8203,10.29,86,100,7.64,CL,1698378100
219,constantia,44.1833,28.65,15.39,67,36,3.28,RO,1698378013
220,kerikeri,-35.2268,173.9474,14.39,83,100,1.79,NZ,1698378101
221,crane,31.3974,-102.3501,21.27,61,0,3.99,US,1698378101
222,mount isa,-20.7333,139.5,29.87,8,2,5.66,AU,1698378101
223,tofol,5.3248,163.0078,28.88,79,100,1.54,FM,1698378009
224,ribeira grande,38.5167,-28.7,18.93,64,100,7.38,PT,1698378101
225,bay roberts,47.5999,-53.2648,8.86,89,63,0.89,CA,1698378101
226,sabha,27.0377,14.4283,22.31,45,0,3.02,LY,1698378101
227,patiala,30.3267,76.4003,25.89,28,0,2.23,IN,1698378102
228,aasiaat,68.7098,-52.8699,-9.63,86,95,2.6,GL,1698378014
229,hasaki,35.7333,140.8333,23.22,53,5,4.57,JP,1698378040
230,suva,-18.1416,178.4415,26.71,74,75,7.2,FJ,1698378102
231,pikeville,37.4793,-82.5188,20.45,59,0,0.0,US,1698378102
232,port lincoln,-34.7333,135.8667,18.98,50,81,7.44,AU,1698378102
233,kaa-khem,51.6833,94.7333,4.67,29,99,0.88,RU,1698378102
234,kirkwood,38.5834,-90.4068,21.91,78,40,5.66,US,1698377954
235,minas de marcona,-15.2119,-75.1103,14.16,88,95,4.39,PE,1698378102
236,amga,60.8953,131.9608,-5.79,82,90,0.65,RU,1698378103
237,khilok,51.3674,110.4676,8.07,39,100,1.68,RU,1698378103
238,constitucion,-35.3333,-72.4167,10.01,91,3,4.03,CL,1698378057
239,prado,-17.3411,-39.2208,24.39,88,99,5.29,BR,1698378103
240,raduzhny,62.0961,77.475,-7.07,83,100,8.15,RU,1698378103
241,san juan de uraba,8.7592,-76.5297,24.38,87,96,7.38,CO,1698378103
242,nuuk,64.1835,-51.7216,-1.66,86,100,3.6,GL,1698377936
243,sterling,39.0062,-77.4286,18.62,77,40,2.24,US,1698377808
244,qaqortoq,60.7167,-46.0333,-0.63,49,51,2.05,GL,1698378103
245,aykhal,66.0,111.5,-11.76,99,100,2.05,RU,1698378022
246,whitehorse,60.7161,-135.0538,-5.66,88,40,2.06,CA,1698377999
247,kailua-kona,19.6406,-155.9956,28.98,80,20,3.6,US,1698378029
248,argo,37.6333,22.7333,17.1,79,100,1.51,GR,1698378104
249,egilsstadir,65.2653,-14.3948,1.95,100,75,2.06,IS,1698378104
250,byaroza,52.5314,24.9786,9.39,94,96,3.33,BY,1698378104
251,bamiantong,44.9333,130.5333,8.65,23,19,2.94,CN,1698378104
252,summerside,46.3959,-63.7876,12.07,76,99,2.57,CA,1698377822
253,vilyuysk,63.7553,121.6247,-5.0,90,99,1.79,RU,1698378104
254,horta,38.5333,-28.6333,18.29,65,100,7.48,PT,1698378105
255,touros,-5.1989,-35.4608,26.87,71,100,5.0,BR,1698378105
256,coxim,-18.5067,-54.76,27.78,59,94,1.2,BR,1698378105
257,sisimiut,66.9395,-53.6735,-4.13,78,92,4.22,GL,1698378105
258,visakhapatnam,17.69,83.2093,28.94,74,40,1.54,IN,1698378039
259,susuman,62.7833,148.1667,-17.79,90,98,0.89,RU,1698378105
260,nyurba,63.2842,118.3319,-3.95,94,98,0.48,RU,1698378105
261,sweetwater,25.7634,-80.3731,26.68,76,75,6.17,US,1698378019
262,olonkinbyen,70.9221,-8.7187,-0.41,72,83,1.65,SJ,1698378106
263,al kharj,24.155,47.3346,21.32,63,0,2.36,SA,1698378106
264,codrington,-38.2667,141.9667,19.57,36,35,3.95,AU,1698378106
265,es castell,39.8795,4.2854,21.38,56,0,3.6,ES,1698378106
266,rye,40.9807,-73.6837,21.17,77,0,1.54,US,1698377872
267,alegrete,-29.7831,-55.7919,13.65,78,0,4.14,BR,1698378106
268,dom pedro,-4.4833,-44.45,24.35,75,4,2.42,BR,1698378092
269,bamboo flat,11.7,92.7167,30.05,74,40,2.06,IN,1698378106
270,fale old settlement,-9.3852,-171.2468,28.4,77,66,6.58,TK,1698378106
271,porbandar,21.6422,69.6093,22.99,83,1,1.54,IN,1698378107
272,lafia,8.4833,8.5167,23.12,91,42,0.59,NG,1698378107
273,brisas de zicatela,15.8369,-97.0419,26.53,85,100,2.24,MX,1698378107
274,batavia,41.85,-88.3126,19.31,92,100,6.17,US,1698378107
275,ust-nera,64.5667,143.2,-14.82,87,79,1.0,RU,1698378107
276,isangel,-19.55,169.2667,30.06,84,75,3.09,VU,1698378107
277,flin flon,54.7682,-101.865,-4.39,65,26,2.16,CA,1698378107
278,liptovsky hradok,49.0396,19.7234,9.35,97,100,1.87,SK,1698378107
279,vilcun,-38.65,-72.2333,6.41,98,48,0.81,CL,1698378108
280,enewetak,11.3474,162.3373,28.73,71,100,5.34,MH,1698378108
281,camaiore,43.9097,10.2419,21.18,92,100,9.28,IT,1698378108
282,zaozersk,69.4005,32.4476,-4.42,95,100,2.29,RU,1698378108
283,cole harbour,44.6724,-63.4751,13.17,96,25,1.54,CA,1698378108
284,prince rupert,54.3161,-130.3201,8.83,59,0,3.6,CA,1698378108
285,lexington,37.9887,-84.4777,20.0,68,0,4.12,US,1698377848
286,cabedelo,-6.9811,-34.8339,25.37,72,98,5.37,BR,1698378108
287,porto novo,6.4965,2.6036,24.97,89,16,2.18,BJ,1698378108
288,talara,-4.5772,-81.2719,20.2,86,99,4.77,PE,1698378109
289,comodoro rivadavia,-45.8667,-67.5,15.92,36,0,9.77,AR,1698378109
290,shingu,33.7333,135.9833,23.44,42,0,4.13,JP,1698378109
291,vila velha,-20.3297,-40.2925,25.97,89,75,1.03,BR,1698378109
292,progreso,21.2833,-89.6667,27.06,75,62,6.0,MX,1698378109
293,salahonda,2.1019,-78.7217,25.9,81,100,2.27,CO,1698378109
294,alness,57.696,-4.2551,10.92,91,100,7.11,GB,1698378109
295,antsiranana,-12.2787,49.2917,25.42,83,40,3.09,MG,1698378110
296,at taj,24.2049,23.2857,20.93,34,99,2.85,LY,1698378110
297,wilmington island,32.0036,-80.9737,22.05,87,75,0.0,US,1698378110
298,webster city,42.4694,-93.816,18.81,100,100,3.09,US,1698378110
299,cannonvale,-20.2833,148.7,26.66,58,3,6.35,AU,1698378110
300,palikir - national government center,6.9248,158.1611,28.41,84,100,1.54,FM,1698378011
301,al bawiti,28.3492,28.8659,21.27,68,86,2.21,EG,1698378110
302,hassi messaoud,31.6804,6.0729,16.92,42,0,1.54,DZ,1698378110
303,sinop,41.7711,34.8709,16.98,52,100,3.4,TR,1698378111
304,lazaro cardenas,17.9583,-102.2,25.61,88,63,2.36,MX,1698377996
305,opuwo,-18.0607,13.84,20.64,38,87,1.27,NA,1698378111
306,terbanggi besar,-4.8667,105.2333,34.16,40,86,3.54,ID,1698378111
307,weifang,36.71,119.1019,22.78,17,0,2.21,CN,1698378111
308,salamanca,40.8333,-6.0,8.88,80,97,6.38,ES,1698378111
309,anguera,-12.151,-39.2453,22.04,87,88,0.84,BR,1698378111
310,veinticinco de mayo,-35.4323,-60.1727,16.1,75,36,0.89,AR,1698378111
311,portland,45.5234,-122.6762,7.83,93,75,0.89,US,1698377906
312,kalamata,37.0389,22.1142,20.62,79,20,1.34,GR,1698378112
313,mar del plata,-38.0023,-57.5575,16.72,69,0,2.57,AR,1698378059
314,sitka,57.0531,-135.33,4.94,60,0,1.54,US,1698378112
315,basco,20.4487,121.9702,27.54,63,15,4.61,PH,1698378112
316,ulladulla,-35.35,150.4667,15.43,80,99,4.37,AU,1698378112
317,akrehamn,59.2667,5.1833,4.12,80,6,3.6,NO,1698378112
318,margate,51.3813,1.3862,10.94,94,82,3.29,GB,1698378112
319,kruisfontein,-34.0033,24.7314,14.46,68,31,4.6,ZA,1698378112
320,socorro,31.6546,-106.3033,21.38,43,0,3.6,US,1698378112
321,graham,47.0529,-122.2943,7.4,87,0,0.0,US,1698378113
322,itoman,26.1247,127.6694,28.43,49,20,6.17,JP,1698378113
323,yantzaza,-3.8278,-78.7594,20.0,98,100,0.86,EC,1698378113
324,yarmouth,41.7057,-70.2286,17.77,85,0,2.57,US,1698378113
325,rio grande,-32.035,-52.0986,9.97,76,0,3.12,BR,1698378046
326,mahina,-17.5065,-149.489,25.42,88,75,5.66,PF,1698378113
327,nago,26.5881,127.9761,28.47,49,63,4.63,JP,1698378113
328,ola,59.5833,151.2833,-2.14,61,100,1.5,RU,1698378113
329,tolanaro,-25.0319,46.9987,20.04,88,40,0.0,MG,1698378019
330,filingue,14.3521,3.3168,27.36,13,100,2.23,NE,1698378114
331,san jose del guaviare,2.5729,-72.6459,23.52,95,100,1.02,CO,1698378114
332,sesimbra,38.4445,-9.1015,16.81,70,100,5.9,PT,1698378114
333,inongo,-1.95,18.2667,20.99,94,100,1.24,CD,1698378114
334,midvagur,62.0511,-7.1939,8.46,76,100,10.29,FO,1698378114
335,kariba,-16.5167,28.8,24.21,61,0,2.32,ZW,1698378114
336,luderitz,-26.6481,15.1594,14.89,78,1,6.97,NA,1698378114
337,poronaysk,49.2167,143.1167,9.42,62,84,3.05,RU,1698378115
338,young,-32.6833,-57.6333,11.83,77,0,2.87,UY,1698378115
339,saynshand,44.8824,110.1163,14.24,17,5,5.0,MN,1698378115
340,karaton,-6.3424,106.1045,32.6,51,97,0.7,ID,1698378115
341,malango,-2.9627,119.9001,30.84,25,2,2.73,ID,1698378115
342,celestun,20.8667,-90.4,26.37,75,41,6.32,MX,1698378115
343,bengkulu,-3.8004,102.2655,29.16,64,22,4.49,ID,1698378115
344,albardon,-31.4372,-68.5256,21.48,50,95,7.23,AR,1698378116
345,mabaruma,8.2,-59.7833,23.89,98,65,1.24,GY,1698378116
346,namibe,-15.1961,12.1522,19.35,81,97,3.64,AO,1698378116
347,vidin,43.99,22.8725,19.03,59,100,4.0,BG,1698378116
348,saldanha,-33.0117,17.9442,14.03,91,100,0.39,ZA,1698378116
349,kangding,30.0513,101.9603,10.1,92,92,0.95,CN,1698378116
350,bornos,36.8168,-5.7445,16.57,84,100,0.45,ES,1698378116
351,arteaga,18.4667,-102.4167,18.24,97,83,0.74,MX,1698378116
352,villamontes,-21.25,-63.5,19.1,95,100,1.09,BO,1698378116
353,moyynkum,44.2914,72.9469,9.11,50,100,0.29,KZ,1698378117
354,juba,4.8517,31.5825,21.96,87,96,1.03,SS,1698378006
355,hampton,37.0299,-76.3452,18.9,83,0,3.09,US,1698377826
356,mili,6.0815,171.735,27.9,78,98,5.23,MH,1698378117
357,ciudad lazaro cardenas,17.9583,-102.2,25.61,88,63,2.36,MX,1698378117
358,uvalde,29.3669,-99.767,25.63,79,66,3.6,US,1698378117
359,chibougamau,49.9168,-74.3659,1.79,93,100,5.66,CA,1698378013
360,lerwick,60.1545,-1.1494,8.0,73,100,6.26,GB,1698378054
361,niafunke,15.9322,-3.9906,27.78,13,68,3.07,ML,1698378118
362,sindirgi,39.2413,28.1784,10.19,63,39,3.48,TR,1698378118
363,santarem,-2.4431,-54.7083,29.07,70,0,2.57,BR,1698378118
364,ambalangoda,6.2355,80.0538,27.82,75,11,3.11,LK,1698378118
365,vadso,70.0744,29.7487,0.09,80,75,3.6,NO,1698377999
366,totness,5.8833,-56.3167,26.71,82,79,5.75,SR,1698378118
367,alofi,-19.0595,-169.9187,24.94,65,75,10.29,NU,1698378118
368,thaton,16.9206,97.3714,26.43,87,100,0.93,MM,1698378118
369,maraba,-5.3686,-49.1178,27.1,74,0,1.03,BR,1698378119
370,praya,14.9215,-23.5087,27.3,78,75,7.2,CV,1698378119
371,villa bruzual,9.3328,-69.1208,23.29,88,68,1.57,VE,1698378119
372,caianu mic,47.2333,24.15,10.85,96,100,1.25,RO,1698378119
373,tukrah,32.5341,20.5791,21.78,81,10,2.59,LY,1698378119
374,suoyarvi,62.0833,32.35,-5.29,87,42,2.49,RU,1698378119
375,sogndal,61.2283,7.1003,-1.79,93,22,1.03,NO,1698378040
376,ta`u,-14.2336,-169.5144,26.29,81,78,9.21,AS,1698378119
377,tagta,41.6504,59.9164,8.97,71,0,6.17,TM,1698378120
378,sergeyevka,53.88,67.4158,-2.95,72,8,5.5,KZ,1698378120
379,salinas,36.6777,-121.6555,14.12,78,0,2.57,US,1698378120
380,yongning,24.68,118.69,21.91,87,100,9.33,CN,1698378120
381,kasempa,-13.4584,25.8338,21.01,56,22,3.38,ZM,1698378120
382,siwa oasis,29.2041,25.5195,21.98,42,0,1.6,EG,1698378120
383,ketchikan,55.3422,-131.6461,5.99,60,0,1.54,US,1698378120
384,anloga,5.7947,0.8973,26.37,83,54,3.21,GH,1698378120
385,ventspils,57.3894,21.5606,1.96,87,100,3.09,LV,1698378121
386,dul'durga,50.6761,113.5931,8.27,35,57,2.42,RU,1698378121
387,egersund,58.4513,5.9997,4.49,67,63,4.89,NO,1698378061
388,shortandy,51.7006,70.9994,-1.89,57,4,5.55,KZ,1698378121
389,hami,42.8,93.45,17.08,23,89,1.23,CN,1698378121
390,akureyri,65.6835,-18.0878,-4.04,93,0,1.03,IS,1698378121
391,seminole,28.7086,-81.2081,25.21,80,100,3.09,US,1698378121
392,palu,-0.8917,119.8707,34.27,39,36,1.42,ID,1698378122
393,queenstown,-31.8976,26.8753,17.57,39,8,1.06,ZA,1698378122
394,komsomol'skiy,43.9783,46.6985,16.4,85,100,1.81,RU,1698378122
395,rawai,7.7797,98.3253,30.55,74,99,2.4,TH,1698378122
396,fabens,31.5023,-106.1586,21.43,40,0,0.94,US,1698378122
397,kapuskasing,49.4169,-82.4331,1.05,100,100,5.66,CA,1698378012
398,bandarbeyla,9.4942,50.8122,26.96,73,76,5.43,SO,1698378122
399,montecchio maggiore-alte ceccato,45.5037,11.412,18.32,97,100,1.93,IT,1698378123
400,san luis acatlan,16.8167,-98.7333,24.08,94,100,0.83,MX,1698378123
401,tarfaya,27.9358,-12.9218,21.41,82,47,5.4,MA,1698378123
402,namtsy,62.7161,129.6658,-6.73,83,79,2.8,RU,1698378123
403,tromso,69.6496,18.957,1.01,86,75,1.03,NO,1698378015
404,kununurra,-15.7667,128.7333,35.99,11,81,4.63,AU,1698378123
405,martapura,-3.4167,114.85,34.05,49,20,1.54,ID,1698378124
406,miajadas,39.1513,-5.9084,12.32,92,100,3.18,ES,1698378124
407,sil-li,39.4947,125.4736,15.36,32,0,2.75,KP,1698378124
408,lokot',52.565,34.5776,2.07,100,100,4.08,RU,1698378124
409,klaeng,12.7797,101.6483,33.86,75,80,2.11,TH,1698378124
410,nasipit,8.9692,125.2947,29.42,64,61,2.88,PH,1698378124
411,huarmey,-10.0681,-78.1522,19.39,84,85,3.64,PE,1698378125
412,port augusta,-32.5,137.7667,26.7,13,7,3.47,AU,1698378125
413,el calafate,-50.3408,-72.2768,5.09,64,100,0.92,AR,1698378125
414,quila,24.4228,-107.22,23.92,80,0,1.69,MX,1698378125
415,pamekasan,-7.1568,113.4746,32.75,46,6,3.9,ID,1698378125
416,isabela,6.7085,121.9711,29.03,64,75,2.94,PH,1698378125
417,cururupu,-1.8283,-44.8683,23.57,83,9,1.87,BR,1698378126
418,umm ruwaba,12.9061,31.2158,28.07,55,90,2.78,SD,1698378126
419,gobabis,-22.45,18.9667,18.59,20,7,4.71,NA,1698378126
420,wamba,8.9333,8.6,21.73,87,77,1.33,NG,1698378126
421,zaragoza,41.6561,-0.8773,13.25,70,20,2.06,ES,1698377942
422,bouca,6.5105,18.2733,20.45,96,100,1.65,CF,1698378126
423,caleta de carquin,-11.0925,-77.6267,18.87,85,95,4.34,PE,1698378127
424,sur,22.5667,59.5289,28.53,53,92,1.62,OM,1698378127
425,macomb,40.4592,-90.6718,18.24,96,2,2.68,US,1698377984
426,ghadamis,30.1337,9.5007,21.55,31,0,2.75,LY,1698378127
427,east london,-33.0153,27.9116,16.52,88,75,7.2,ZA,1698378127
428,rundu,-17.9333,19.7667,23.0,40,87,2.43,NA,1698378128
429,izhevsk,56.85,53.2333,-11.62,98,90,1.11,RU,1698377879
430,nepalgunj,28.05,81.6167,25.33,49,0,0.68,NP,1698378128
431,walvis bay,-22.9575,14.5053,15.53,88,99,3.09,NA,1698378128
432,menaka,15.9182,2.4022,27.26,11,99,2.53,ML,1698378128
433,nemuro,43.3236,145.575,11.8,77,99,1.88,JP,1698378081
434,puchezh,56.9788,43.1676,-1.02,78,100,7.76,RU,1698378129
435,la gi,10.6667,107.7833,29.47,70,37,1.3,VN,1698378129
436,las palmas,28.4204,-14.0131,21.44,78,100,4.12,ES,1698378129
437,ca mau,9.1769,105.15,32.17,60,31,1.4,VN,1698378052
438,ekibastuz,51.6667,75.3667,-0.67,53,1,7.92,KZ,1698378129
439,fort mcmurray,56.7268,-111.381,-3.23,86,75,4.12,CA,1698378129
440,antofagasta,-23.65,-70.4,16.6,80,24,1.2,CL,1698377764
441,florencia,43.7667,11.25,20.93,82,40,2.57,IT,1698378130
442,heroica caborca,30.7167,-112.15,22.02,47,11,1.46,MX,1698378130
443,nchelenge,-9.3451,28.734,24.35,63,100,1.63,ZM,1698378130
444,zarnovica,48.4812,18.7157,11.73,95,100,1.68,SK,1698378130
445,uturoa,-16.7333,-151.4333,24.03,90,100,4.41,PF,1698378130
446,igra,57.5558,53.0547,-9.96,96,65,1.54,RU,1698378130
447,obihiro,42.9172,143.2044,10.67,71,98,2.39,JP,1698378130
448,oum hadjer,13.2954,19.6966,27.08,19,91,3.34,TD,1698378131
449,la rinconada,37.4873,-5.9826,17.25,88,0,2.57,ES,1698378131
450,tame,6.461,-71.73,23.18,88,84,1.4,CO,1698378131
451,salavat,53.3837,55.9077,-3.17,74,64,1.48,RU,1698378131
452,timimoun,29.2639,0.231,19.21,30,0,1.54,DZ,1698378131
453,tabou,4.423,-7.3528,25.02,91,52,3.04,CI,1698378131
454,port isabel,26.0734,-97.2086,28.02,86,75,3.09,US,1698377881
455,mizdah,31.4451,12.9801,17.69,41,1,3.0,LY,1698378131
456,hadibu,12.65,54.0333,26.76,81,84,4.22,YE,1698378132
457,port douglas,-16.4833,145.4667,26.69,63,4,3.06,AU,1698378132
458,markovo,57.3206,107.0881,7.78,63,100,2.03,RU,1698378132
459,ponca city,36.707,-97.0856,22.98,80,0,8.75,US,1698377839
460,tobruk,32.0836,23.9764,22.32,76,0,3.14,LY,1698378132
461,zlatograd,41.3833,25.1,13.35,88,85,1.82,BG,1698378132
462,atasu,48.6814,71.6433,-1.04,45,31,1.43,KZ,1698378132
463,aomori,40.8244,140.74,17.75,68,75,3.09,JP,1698377954
464,bumba,2.1833,22.4667,19.92,98,98,1.23,CD,1698378133
465,gazi,35.3253,25.0669,20.89,76,20,3.6,GR,1698378133
466,chiang kham,19.5233,100.3,31.79,72,61,0.73,TH,1698378133
467,al fulah,11.7329,28.3579,25.61,69,100,1.99,SD,1698378133
468,skeldon,5.8833,-57.1333,26.46,82,97,3.71,GY,1698378133
469,riverton,40.5219,-111.9391,4.55,60,0,2.68,US,1698378133
470,mananara,-16.1667,49.7667,25.12,82,99,0.4,MG,1698378133
471,piti village,13.4626,144.6933,28.5,89,100,2.57,GU,1698378134
472,fort st. john,56.2499,-120.8529,-5.06,74,40,2.06,CA,1698378134
473,ust'-ilimsk,58.0006,102.6619,9.48,61,100,4.64,RU,1698378134
474,petatlan,17.5167,-101.2667,27.89,94,86,1.4,MX,1698378134
475,alice springs,-23.7,133.8833,23.75,9,0,5.66,AU,1698378134
476,muriti,-1.9833,32.9167,24.05,61,85,4.95,TZ,1698378134
477,fada,9.5667,8.3,18.99,91,26,1.04,NG,1698378134
478,zhangjiakou,40.81,114.8794,16.05,21,0,1.92,CN,1698378134
479,maba,24.6841,113.5984,26.62,64,98,1.37,CN,1698378135
480,shenjiamen,29.9576,122.298,22.19,66,95,3.24,CN,1698378135
481,tillaberi,14.2117,1.4531,27.32,12,100,1.76,NE,1698378135
482,sandnessjoen,66.0217,12.6316,1.06,86,40,2.06,NO,1698378051
483,fort william,56.8165,-5.1121,11.28,82,100,4.53,GB,1698378135
484,islamey,43.6756,43.455,17.69,54,100,1.57,RU,1698378135
485,katsuura,35.1333,140.3,21.77,54,4,5.93,JP,1698378135
486,kavieng,-2.5744,150.7967,28.26,72,100,0.71,PG,1698378136
487,mossel bay,-34.1831,22.146,14.96,69,93,2.64,ZA,1698378136
488,cambria,35.5641,-121.0808,16.41,90,11,1.34,US,1698378136
489,rio preto da eva,-2.6994,-59.6997,26.62,64,23,0.6,BR,1698378136
490,birao,10.2849,22.7882,21.96,88,100,1.29,CF,1698378136
491,abepura,-2.6333,140.5833,32.45,52,20,3.09,ID,1698378136
492,guatire,10.4762,-66.5427,26.5,96,99,0.46,VE,1698378136
493,port hedland,-20.3167,118.5667,36.03,24,38,7.2,AU,1698378137
494,esquel,-42.9,-71.3167,6.4,86,97,3.64,AR,1698378137
495,ayr,55.4627,-4.6339,9.96,87,20,6.17,GB,1698378137
496,trondheim,63.4305,10.3951,-0.01,82,5,2.62,NO,1698378137
497,ujae,8.9322,165.7642,28.45,76,98,4.18,MH,1698378137
498,galich,58.3797,42.3475,-3.38,76,100,3.85,RU,1698378137
499,uray,60.1247,64.7758,-6.18,65,99,4.47,RU,1698378137
500,brookings,44.3114,-96.7984,5.25,97,100,2.57,US,1698378137
501,chos malal,-37.3781,-70.2709,13.11,41,0,3.6,AR,1698378138
502,masterton,-40.9597,175.6575,6.1,97,51,3.46,NZ,1698378138
503,ghanzi,-21.5667,21.7833,22.03,41,3,2.66,BW,1698378138
504,pacific grove,36.6177,-121.9166,13.9,78,0,2.06,US,1698378138
505,deqen,29.9618,90.7188,6.7,32,0,1.78,CN,1698378138
506,kincardine,56.0667,-3.7167,10.71,93,100,4.64,GB,1698378138
507,casper,42.8666,-106.3131,-11.27,86,75,2.57,US,1698378138
508,mafinga,-7.25,35.0667,22.84,61,25,1.53,TZ,1698378139
509,dzhangala,49.2167,50.3333,0.63,97,100,8.59,KZ,1698378139
510,miri,4.4148,114.0089,31.08,62,20,1.03,MY,1698378139
511,atherton,53.5237,-2.4935,10.16,96,97,1.93,GB,1698378139
512,kudymkar,59.0173,54.656,-6.29,90,24,2.96,RU,1698378139
513,pangoa,-12.1167,-73.0,20.68,99,100,1.26,PE,1698378139
514,voss,60.623,6.4229,-0.26,83,20,1.58,NO,1698378139
515,al mijlad,11.0333,27.7333,25.41,68,100,3.03,SD,1698378140
516,dunedin,-45.8742,170.5036,4.89,85,77,3.13,NZ,1698378140
517,nogliki,51.8333,143.1667,5.75,71,65,2.24,RU,1698378140
518,bosaso,11.2842,49.1816,28.3,70,88,2.03,SO,1698378140
519,campos novos,-27.4017,-51.225,14.43,91,22,3.45,BR,1698378116
520,gubakha,58.8386,57.5532,-3.8,92,96,3.4,RU,1698378140
521,labytnangi,66.6572,66.4183,-9.22,85,100,2.18,RU,1698378140
522,broken hill,-31.95,141.4333,21.08,17,5,4.08,AU,1698378140
523,fort irwin,35.2627,-116.6848,16.9,36,0,3.6,US,1698378141
524,alvesta,56.8993,14.5556,4.15,95,100,4.12,SE,1698378141
525,rantepao,-2.9701,119.8978,30.89,25,2,2.74,ID,1698378141
526,greymouth,-42.4667,171.2,9.79,53,52,9.18,NZ,1698378141
527,sangkhla buri,15.1555,98.4536,30.85,61,98,1.13,TH,1698378141
528,maragogi,-9.0122,-35.2225,27.07,66,48,4.88,BR,1698378141
529,princeville,45.7668,-61.2985,11.84,94,100,2.06,CA,1698378141
530,ar rutbah,33.0381,40.2848,19.44,53,36,5.56,IQ,1698378141
531,bardai,11.65,7.2333,21.03,34,91,3.37,NG,1698378141
532,uglegorsk,49.0833,142.0333,7.0,80,5,5.32,RU,1698378142
533,barah,13.7,30.3667,28.04,39,100,4.3,SD,1698378037
534,rawson,-43.3002,-65.1023,13.24,50,77,8.35,AR,1698378142
535,campbell river,50.0163,-125.2446,4.14,100,0,1.54,CA,1698378142
536,karlovo,42.6333,24.8,9.67,69,97,0.54,BG,1698378142
537,laguna,38.421,-121.4238,13.94,59,0,0.0,US,1698378142
538,dicle,38.3751,40.0722,15.11,62,100,1.37,TR,1698378142
539,karratha,-20.7377,116.8463,37.8,16,66,7.15,AU,1698378143
540,kupang,-10.1667,123.5833,32.32,62,40,6.17,ID,1698378143
541,fortuna,40.5982,-124.1573,8.32,91,0,0.0,US,1698378143
542,igarka,67.4667,86.5833,-9.49,81,55,8.41,RU,1698378059
543,port moresby,-9.4431,147.1797,30.68,66,75,5.14,PG,1698378124
544,dajal,29.5577,70.3762,28.6,22,88,3.09,PK,1698378143
545,shilin,24.8188,103.3324,18.11,78,98,2.69,CN,1698378143
546,rapar,23.5667,70.6333,29.02,49,25,2.05,IN,1698378143
547,mount holly,35.2982,-81.0159,18.29,90,0,2.06,US,1698378143
548,nabire,-3.3667,135.4833,30.12,65,96,2.92,ID,1698378144
549,little rock,34.7465,-92.2896,22.88,93,100,6.17,US,1698378144
550,north bend,43.4065,-124.2243,9.95,87,100,3.09,US,1698378144
551,jinchang,38.4953,102.1739,15.65,23,0,1.81,CN,1698378144
552,bahia de kino,28.8333,-111.9333,25.11,46,0,2.26,MX,1698378144
553,dublin,37.7021,-121.9358,13.83,63,0,1.54,US,1698377783
554,ravar,31.2656,56.8055,21.06,32,94,0.61,IR,1698378144
555,mugia,43.1041,-9.2179,15.51,86,78,12.71,ES,1698378058
556,yorkton,51.2167,-102.4677,-8.09,79,100,3.09,CA,1698377997
557,lubango,-14.9172,13.4925,16.92,88,79,1.03,AO,1698378145
558,manhattan,40.7834,-73.9662,21.0,62,0,4.92,US,1698378145
559,antonio enes,-16.2325,39.9086,26.74,71,98,1.04,MZ,1698378145
560,save,8.0425,2.486,23.18,95,27,1.57,BJ,1698378145
561,lae,-6.7221,146.9847,33.37,66,65,3.1,PG,1698378145
562,nieuw amsterdam,5.8833,-55.0833,27.23,84,85,4.76,SR,1698378145
563,guerrero negro,27.9769,-114.0611,18.21,78,1,5.98,MX,1698378145
564,nelson bay,-32.7167,152.15,19.49,60,81,5.36,AU,1698378146
565,shache,38.4167,77.2406,16.78,23,2,0.94,CN,1698378146
566,port saint john's,-31.6229,29.5448,20.12,90,11,7.44,ZA,1698378146
567,rehoboth,-23.3167,17.0833,19.83,35,68,2.04,NA,1698378146
568,pacasmayo,-7.4006,-79.5714,19.05,85,86,3.53,PE,1698378146
569,orlovskiy,46.8714,42.0592,14.28,94,100,5.21,RU,1698378146
570,viedma,-40.8135,-62.9967,11.07,57,79,4.05,AR,1698378035
571,rovaniemi,66.5,25.7167,-3.33,93,100,3.09,FI,1698378146
572,meizhou,24.2977,116.1072,25.17,81,97,0.84,CN,1698378147
573,oriximina,-1.7656,-55.8661,26.89,52,38,1.43,BR,1698378147
574,yunyang,33.4474,112.7142,21.58,36,100,2.07,CN,1698378147
575,yokadouma,3.5167,15.05,19.41,99,85,0.41,CM,1698378147
576,san patricio,28.017,-97.5169,27.97,85,96,5.71,US,1698378147
